[
  {
    "trackingNo": "",
    "idNo": "",
    "regNo": "",
    "shipperInfo": {
      "company": "",
      "companyDescription": "",
      "companyAddress": "",
      "companyEmail": ""
    },
    "recieverInfo": {
      "name": "",
      "address": "",
      "email": ""
    },
    "shipmentInfo": {
      "origin": "",
      "destination": "",
      "shipmentMode": "",
      "depatureDate": "",
      "expectedDeliveryDate": "",
      "comment": ""
    },
    "packages": {
      "quantity": "",
      "content": "",
      "weight": ""
    },
    "shipmentStatus": "",
    "shipmentHistory": {
      "origin": "",
      "depatureDate": "",
      "currentLocation": "hjjjjjjjjjj",
      "arrivalDate": "",
      "destination": "",
      "expectedDeliveryDate": ""
    },
    "image": "image-1768684567332.png"
  },
  {
    "trackingNo": "",
    "idNo": "",
    "regNo": "",
    "shipperInfo": {
      "company": "",
      "companyDescription": "",
      "companyAddress": "",
      "companyEmail": ""
    },
    "recieverInfo": {
      "name": "",
      "address": "",
      "email": ""
    },
    "shipmentInfo": {
      "origin": "",
      "destination": "",
      "shipmentMode": "",
      "depatureDate": "",
      "expectedDeliveryDate": "",
      "comment": ""
    },
    "packages": {
      "quantity": "",
      "content": "",
      "weight": ""
    },
    "shipmentStatus": "",
    "shipmentHistory": {
      "origin": "",
      "depatureDate": "",
      "currentLocation": "j kkkkkkkkkkkkkkkkkkk/;k",
      "arrivalDate": "",
      "destination": "",
      "expectedDeliveryDate": ""
    },
    "image": "image-1768684701831.png"
  },
  {
    "trackingNo": "tttttttt",
    "idNo": "",
    "regNo": "",
    "shipperInfo": {
      "company": "",
      "companyDescription": "",
      "companyAddress": "",
      "companyEmail": ""
    },
    "recieverInfo": {
      "name": "",
      "address": "",
      "email": ""
    },
    "shipmentInfo": {
      "origin": "",
      "destination": "",
      "shipmentMode": "",
      "depatureDate": "",
      "expectedDeliveryDate": "",
      "comment": ""
    },
    "packages": {
      "quantity": "",
      "content": "",
      "weight": ""
    },
    "shipmentStatus": "",
    "shipmentHistory": {
      "origin": "",
      "depatureDate": "",
      "currentLocation": "",
      "arrivalDate": "",
      "destination": "",
      "expectedDeliveryDate": ""
    },
    "image": "image-1768684781067.png"
  },
  {
    "trackingNo": "",
    "idNo": "",
    "regNo": "",
    "shipperInfo": {
      "company": "",
      "companyDescription": "",
      "companyAddress": "",
      "companyEmail": ""
    },
    "recieverInfo": {
      "name": "",
      "address": "",
      "email": ""
    },
    "shipmentInfo": {
      "origin": "",
      "destination": "",
      "shipmentMode": "",
      "depatureDate": "",
      "expectedDeliveryDate": "",
      "comment": ""
    },
    "packages": {
      "quantity": "",
      "content": "",
      "weight": ""
    },
    "shipmentStatus": "",
    "shipmentHistory": {
      "origin": "",
      "depatureDate": "",
      "currentLocation": "",
      "arrivalDate": "",
      "destination": "",
      "expectedDeliveryDate": ""
    },
    "image": "image-1768684781733.png"
  }
]